<BackupInst xmlns="http://www.microsoft.com/GroupPolicy/GPOOperations/Manifest"><GPOGuid><![CDATA[{93D11534-2930-46E6-90AD-CA2F8A0E9386}]]></GPOGuid><GPODomain><![CDATA[klieka.local]]></GPODomain><GPODomainGuid><![CDATA[{e6587094-5e86-4d50-a612-1a4cd2504882}]]></GPODomainGuid><GPODomainController><![CDATA[WIN-CBSCTLNLLRJ.klieka.local]]></GPODomainController><BackupTime><![CDATA[2024-11-27T08:35:04]]></BackupTime><ID><![CDATA[{AF7DD78C-90A0-4C52-8D39-68E018EBDA54}]]></ID><Comment><![CDATA[]]></Comment><GPODisplayName><![CDATA[CIS-WIN2022]]></GPODisplayName></BackupInst>
