[
  {
    "settings": {
      "openEditInWindow": true,
      "openEditInWindow.popup": false,
      "windowPosition": {},
      "show-badge": true,
      "disableAll": false,
      "exposeIframes": false,
      "exposeStyleName": false,
      "newStyleAsUsercss": false,
      "styleViaXhr": false,
      "patchCsp": false,
      "config.autosave": true,
      "schemeSwitcher.enabled": "system",
      "schemeSwitcher.nightStart": "18:00",
      "schemeSwitcher.nightEnd": "06:00",
      "popup.breadcrumbs": true,
      "popup.breadcrumbs.usePath": false,
      "popup.enabledFirst": true,
      "popup.stylesFirst": true,
      "popup.autoResort": false,
      "popup.borders": false,
      "popup.findSort": "u",
      "manage.onlyEnabled": false,
      "manage.onlyLocal": false,
      "manage.onlyUsercss": false,
      "manage.onlyEnabled.invert": false,
      "manage.onlyLocal.invert": false,
      "manage.onlyUsercss.invert": false,
      "manage.actions.expanded": true,
      "manage.backup.expanded": true,
      "manage.filters.expanded": true,
      "manage.newUI": true,
      "manage.newUI.favicons": false,
      "manage.newUI.faviconsGray": true,
      "manage.newUI.targets": 3,
      "manage.newUI.sort": "title,asc",
      "editor.options": {},
      "editor.toc.expanded": true,
      "editor.options.expanded": true,
      "editor.lint.expanded": true,
      "editor.publish.expanded": true,
      "editor.lineWrapping": true,
      "editor.smartIndent": true,
      "editor.indentWithTabs": false,
      "editor.tabSize": 4,
      "editor.keyMap": "sublime",
      "editor.theme": "default",
      "editor.beautify": {
        "selector_separator_newline": true,
        "newline_before_open_brace": false,
        "newline_after_open_brace": true,
        "newline_between_properties": true,
        "newline_before_close_brace": true,
        "newline_between_rules": false,
        "preserve_newlines": true,
        "end_with_newline": false,
        "indent_conditional": true
      },
      "editor.beautify.hotkey": "",
      "editor.lintDelay": 300,
      "editor.linter": "csslint",
      "editor.lintReportDelay": 500,
      "editor.matchHighlight": "token",
      "editor.autoCloseBrackets": true,
      "editor.autocompleteOnTyping": false,
      "editor.contextDelete": false,
      "editor.selectByTokens": true,
      "editor.appliesToLineWidget": true,
      "editor.autosaveDraft": 10,
      "editor.livePreview": true,
      "editor.colorpicker": true,
      "editor.colorpicker.hexUppercase": false,
      "editor.colorpicker.hotkey": "",
      "editor.colorpicker.color": "#a7c4f252",
      "editor.colorpicker.maxHeight": 300,
      "hotkey._execute_browser_action": "",
      "hotkey.openManage": "",
      "hotkey.styleDisableAll": "",
      "sync.enabled": "none",
      "iconset": 0,
      "badgeDisabled": "#8B0000",
      "badgeNormal": "#006666",
      "headerWidth.edit": 280,
      "headerWidth.install": 280,
      "headerWidth.manage": 280,
      "popupWidth": 246,
      "updateInterval": 24
    },
    "order": {
      "main": [],
      "prio": []
    }
  },
  {
    "enabled": true,
    "installDate": 1639151017598,
    "name": "support.umfoundation.com",
    "sections": [
      {
        "code": "div.box div.content table td {\n  padding: 0px;\n}\ndiv.box div.content table#incidents_list td {\n  padding: 0px;\n}\ntd[title=\"Evan Greene\"] {\n  background: #cecece !important;\n}\n\n.action_buttons {\n  min-height: 10px !important;\n}",
        "urlPrefixes": [
          "https://support.umfoundation.com"
        ]
      }
    ],
    "updateDate": 1639151017598,
    "_id": "6c71b198-bbd3-406c-9156-ed481c91f509",
    "_rev": 1675365364946,
    "id": 1
  },
  {
    "enabled": true,
    "installDate": 1667489111699,
    "name": "endpoint iframe azure.net",
    "sections": [
      {
        "code": "div.is-row-header {\n    width:500px !important;\n}\n\n.azc-grid-area {\n    width:100% !important;\n}\n.azc-grid-container .azc-grid-tableContainer table {\n    width:100% !important;\n    max-width:1500px !important;\n}\ndiv.ext-wizardStepWidth {\n    max-width:2500px !important;\n}\n\ndiv.fxc-weave-pccontrol div.fxc-gc-thead {\n    background: #f7f7f7;\n}\n\ndiv.fxc-gc-row:nth-child(odd) {\n    background:#a7c4f21a;\n}\ndiv.fxc-gc-row a {\n    color:#00004f;\n    font-weight:bold;\n}\n/* Header - Name */\ndiv.fxc-weave-pccontrol div.fxc-gc-columnheaderrow div.fxc-gc-columnheader:first-child {\n    width:850px;\n    background:#f7f7f7;\n}\n\n/* Header - Description */\ndiv.fxc-weave-pccontrol div.fxc-gc-columnheaderrow div.fxc-gc-columnheader:nth-child(2) {\n    width:200px;\n    background:#f7f7f7;\n    \n}\n/* Header - OMA-URI */\ndiv.fxc-weave-pccontrol div.fxc-gc-columnheaderrow div.fxc-gc-columnheader:nth-child(3) {\n    width:900px;\n    background:#f7f7f7;\n}\n/* Header - Value */\ndiv.fxc-weave-pccontrol div.fxc-gc-columnheaderrow div.fxc-gc-columnheader:nth-child(4) {\n    width:100px;\n    background:#f7f7f7;\n}\n/* Header - Menu */\ndiv.fxc-weave-pccontrol div.fxc-gc-columnheaderrow div.fxc-gc-margincolumnheader-contextmenu  {\n    width:150px;\n    background:#f7f7f7;\n}\n\n\n/* Name */\ndiv.fxc-weave-pccontrol div.fxc-gc-row-content .fxc-gc-cell:first-child {\n    color:#000;\n    font-family:\"Bahnschrift\" !important;\n    width:850px;\n    background-size:10px !important;\n}\n\n/* Description */\ndiv.fxc-weave-pccontrol div.fxc-gc-row-content .fxc-gc-cell:nth-child(2) {\n    font-size:0.9em;\n    color:#9b0000;\n    width:200px;\n}\n\n/* OMA-URI */\ndiv.fxc-weave-pccontrol div.fxc-gc-row-content .fxc-gc-cell:nth-child(3) {\n    font-family:\"Bahnschrift\" !important;\n    width:900px;\n}\n\n/* Value */\ndiv.fxc-weave-pccontrol div.fxc-gc-row-content .fxc-gc-cell:nth-child(4) {\n    color:#9b0000;\n    width:150px;\n}",
        "domains": [
          "azure.net",
          "endpoint.microsoft.com"
        ]
      }
    ],
    "updateDate": 1675922386140,
    "_id": "effa4040-f2aa-4de3-a171-926a95fdbf6b",
    "_rev": 1675922386140,
    "id": 2
  }
]
