{
    "$schema": "https://raw.githubusercontent.com/PowerShell/DSC/main/schemas/2024/04/bundled/resource/manifest.json",
    "type": "Microsoft.Windows/Registry",
    "description": "Manage Windows Registry keys and values",
    "tags": [
        "Windows"
    ],
    "version": "0.1.0",
    "get": {
        "executable": "registry",
        "args": [
            "config",
            "get",
            {
                "jsonInputArg": "--input",
                "mandatory": true
            }
        ]
    },
    "set": {
        "executable": "registry",
        "args": [
            "config",
            "set",
            {
                "jsonInputArg": "--input",
                "mandatory": true
            }
        ]
    },
    "delete": {
        "executable": "registry",
        "args": [
            "config",
            "delete",
            {
                "jsonInputArg": "--input",
                "mandatory": true
            }
        ]
    },
    "exitCodes": {
        "0": "Success",
        "1": "Invalid parameter",
        "2": "Invalid input",
        "3": "Registry error",
        "4": "JSON serialization failed"
    },
    "schema": {
        "command": {
            "executable": "registry",
            "args": [
                "schema"
            ]
        }
    }
}
