{
    "$schema": "https://raw.githubusercontent.com/PowerShell/DSC/main/schemas/2024/04/bundled/resource/manifest.json",
    "description": "Takes a single-command line to execute on DSC set operation",
    "type": "Microsoft.DSC.Transitional/RunCommandOnSet",
    "version": "0.1.0",
    "get": {
        "executable": "runcommandonset",
        "args": [
          "get"
        ],
        "input": "stdin"
    },
    "set": {
        "executable": "runcommandonset",
        "args": [
          "set"
        ],
        "input": "stdin",
        "return": "state"
    },
    "schema": {
      "embedded": {
        "$schema": "http://json-schema.org/draft-07/schema#",
        "title": "RunCommandOnSet",
        "type": "object",
        "required": [
          "executable"
        ],
        "properties": {
          "arguments": {
            "title": "The argument(s), if any, to pass to the executable that runs on set",
            "type": "array"
          },
          "executable": {
            "title": "The executable to run on set",
            "type": "string"
          },
          "exitCode": {
            "title": "The expected exit code to indicate success, if non-zero. Default is zero for success.",
            "type": "integer"
          }
        },
        "additionalProperties": false
      }
    }
}
