{
    "$schema": "https://raw.githubusercontent.com/PowerShell/DSC/main/schemas/2023/08/bundled/resource/manifest.json",
    "type": "Microsoft.Windows/WindowsPowerShell",
    "version": "0.1.0",
    "kind": "Adapter",
    "description": "Resource adapter to classic DSC Powershell resources in Windows PowerShell.",
    "tags": [
      "PowerShell"
    ],
    "adapter": {
      "list": {
        "executable": "powershell",
        "args": [
          "-NoLogo",
          "-NonInteractive",
          "-NoProfile",
          "-Command",
          "./psDscAdapter/powershell.resource.ps1 List"
        ]
        },
      "config": "full"
    },
    "get": {
      "executable": "powershell",
      "args": [
        "-NoLogo",
        "-NonInteractive",
        "-NoProfile",
        "-Command",
        "$Input | ./psDscAdapter/powershell.resource.ps1 Get"
      ],
      "input": "stdin"
      },
    "set": {
      "executable": "powershell",
      "args": [
        "-NoLogo",
        "-NonInteractive",
        "-NoProfile",
        "-Command",
        "$Input | ./psDscAdapter/powershell.resource.ps1 Set"
      ],
      "input": "stdin",
      "preTest": true,
      "return": "state"
      },
    "test": {
      "executable": "powershell",
      "args": [
        "-NoLogo",
        "-NonInteractive",
        "-NoProfile",
        "-Command",
        "$Input | ./psDscAdapter/powershell.resource.ps1 Test"
      ],
      "input": "stdin",
      "return": "state"
      },
    "validate": {
        "executable": "powershell",
        "args": [
          "-NoLogo",
          "-NonInteractive",
          "-NoProfile",
          "-Command",
          "$Input | ./psDscAdapter/powershell.resource.ps1 Validate"
          ]
      },
    "exitCodes": {
      "0": "Success",
      "1": "Error"
    }
  }
