{
    "@odata.type":  "#microsoft.graph.windows10CustomConfiguration",
    "roleScopeTagIds":  [
                            "0"
                        ],
    "supportsScopeTags":  true,
    "deviceManagementApplicabilityRuleOsEdition":  null,
    "deviceManagementApplicabilityRuleOsVersion":  null,
    "deviceManagementApplicabilityRuleDeviceMode":  null,
    "description":  null,
    "displayName":  "CIS Baseline Microsoft Intune v2 - user details part 1 (imported)",
    "omaSettings":  [
                        {
                            "@odata.type":  "#microsoft.graph.omaSettingInteger",
                            "displayName":  "1.1.1 (L1) Ensure \u0027Enforce password history\u0027 is set to \u002724 or more passwords\u0027",
                            "description":  "Implemented",
                            "omaUri":  "./Device/Vendor/MSFT/Policy/Config/DeviceLock/DevicePasswordHistory",
                            "secretReferenceValueId":  null,
                            "isEncrypted":  false,
                            "value":  24,
                            "isReadOnly":  false
                        },
                        {
                            "@odata.type":  "#microsoft.graph.omaSettingInteger",
                            "displayName":  "1.1.2 (L1) Ensure \u0027Maximum password age\u0027 is set to \u0027365 or fewer days, but not 0\u0027",
                            "description":  "Opposed - Set to 0. UM Foundation will not expire passwords.",
                            "omaUri":  "./Device/Vendor/MSFT/Policy/Config/DeviceLock/DevicePasswordExpiration",
                            "secretReferenceValueId":  null,
                            "isEncrypted":  false,
                            "value":  0,
                            "isReadOnly":  false
                        },
                        {
                            "@odata.type":  "#microsoft.graph.omaSettingInteger",
                            "displayName":  "1.1.3 (L1) Ensure \u0027Minimum password age\u0027 is set to \u00271 or more day(s)\u0027",
                            "description":  "Implemented",
                            "omaUri":  "./Device/Vendor/MSFT/Policy/Config/DeviceLock/MinimumPasswordAge",
                            "secretReferenceValueId":  null,
                            "isEncrypted":  false,
                            "value":  1,
                            "isReadOnly":  false
                        },
                        {
                            "@odata.type":  "#microsoft.graph.omaSettingInteger",
                            "displayName":  "1.1.4 (L1) Ensure \u0027Minimum password length\u0027 is set to \u002714 or more characters\u0027",
                            "description":  "Opposed - Set to 6, Will allow PINs of 6+ characters.",
                            "omaUri":  "./Device/Vendor/MSFT/Policy/Config/DeviceLock/MinDevicePasswordLength",
                            "secretReferenceValueId":  null,
                            "isEncrypted":  false,
                            "value":  6,
                            "isReadOnly":  false
                        },
                        {
                            "@odata.type":  "#microsoft.graph.omaSettingInteger",
                            "displayName":  "1.1.5 (L1) Ensure \u0027Password must meet complexity requirements\u0027 is set to \u0027Numbers, lowercase, uppercase and special characters required\u0027",
                            "description":  "Opposed - Set to 1 (digits only). Will allow PINS that are numerical or alphanumerical. Minimum is a numerical PIN which is set here.",
                            "omaUri":  "./Device/Vendor/MSFT/Policy/Config/DeviceLock/MinDevicePasswordComplexCharacters",
                            "secretReferenceValueId":  null,
                            "isEncrypted":  false,
                            "value":  1,
                            "isReadOnly":  false
                        },
                        {
                            "@odata.type":  "#microsoft.graph.omaSettingInteger",
                            "displayName":  "19.7.39.1 (L1) Ensure \u0027Always install with elevated privileges\u0027 is set to \u0027Disabled\u0027",
                            "description":  "Implemented",
                            "omaUri":  "./User/Vendor/MSFT/Policy/Config/ApplicationManagement/MSIAlwaysInstallWithElevatedPrivileges",
                            "secretReferenceValueId":  null,
                            "isEncrypted":  false,
                            "value":  0,
                            "isReadOnly":  false
                        }
                    ]
}
